{"IcoMoonType":"selection","icons":[{"icon":{"paths":["M504 466q44 12 73 24t61 33 49 53 17 76q0 62-41 101t-109 51v92h-128v-92q-66-14-109-56t-47-108h94q8 90 126 90 62 0 89-23t27-53q0-72-128-104-200-46-200-176 0-58 42-99t106-55v-92h128v94q66 16 101 60t37 102h-94q-4-90-108-90-52 0-83 22t-31 58q0 58 128 92z"],"attrs":[],"isMulticolor":false,"isMulticolor2":false,"tags":["attach_money"],"grid":24},"attrs":[],"properties":{"order":2,"ligatures":"attach_money","id":251,"prevSize":24,"code":59648,"name":"attach_money"},"setIdx":1,"setId":2,"iconIdx":247},{"icon":{"paths":["M810 810v-468h-596v468h596zM682 42h86v86h42q34 0 60 26t26 60v596q0 34-26 60t-60 26h-596q-36 0-61-25t-25-61v-596q0-34 25-60t61-26h42v-86h86v86h340v-86zM726 512v214h-214v-214h214z"],"attrs":[],"isMulticolor":false,"isMulticolor2":false,"tags":["insert_invitation","event"],"grid":24},"attrs":[],"properties":{"order":6,"ligatures":"insert_invitation, event","id":291,"prevSize":24,"code":59649,"name":"insert_invitation"},"setIdx":1,"setId":2,"iconIdx":287},{"icon":{"paths":["M692 554h118v256h-118v-256zM452 214h120v596h-120v-596zM214 392h128v418h-128v-418z"],"attrs":[],"isMulticolor":false,"isMulticolor2":false,"tags":["bar_chart"],"grid":24},"attrs":[],"properties":{"order":4,"ligatures":"bar_chart","id":316,"prevSize":24,"code":59650,"name":"bar_chart"},"setIdx":1,"setId":2,"iconIdx":312},{"icon":{"paths":["M726 768q34 0 59 26t25 60-25 59-59 25-60-25-26-59 26-60 60-26zM42 86h140l40 84h632q18 0 30 13t12 31q0 2-6 20l-152 276q-24 44-74 44h-318l-38 70-2 6q0 10 10 10h494v86h-512q-34 0-59-26t-25-60q0-20 10-40l58-106-154-324h-86v-84zM298 768q34 0 60 26t26 60-26 59-60 25-59-25-25-59 25-60 59-26z"],"attrs":[],"isMulticolor":false,"isMulticolor2":false,"tags":["local_grocery_store","shopping_cart"],"grid":24},"attrs":[],"properties":{"order":8,"ligatures":"local_grocery_store, shopping_cart","id":542,"prevSize":24,"code":59651,"name":"local_grocery_store"},"setIdx":1,"setId":2,"iconIdx":538},{"icon":{"paths":["M512 598q108 0 225 47t117 123v86h-684v-86q0-76 117-123t225-47zM512 512q-70 0-120-50t-50-120 50-121 120-51 120 51 50 121-50 120-120 50z"],"attrs":[],"isMulticolor":false,"isMulticolor2":false,"tags":["person"],"grid":24},"attrs":[],"properties":{"order":3,"ligatures":"person","id":685,"prevSize":24,"code":59652,"name":"person"},"setIdx":1,"setId":2,"iconIdx":681},{"icon":{"paths":["M306 630q0 10 10 10h494v86h-512q-34 0-59-26t-25-60q0-20 10-40l58-106-154-324h-86v-84h140q40 84 80 170 10 18 46 95t56 119h300q150-272 164-300l74 42-164 298q-24 44-74 44h-318l-38 70zM726 768q34 0 59 26t25 60-25 59-59 25-60-25-26-59 26-60 60-26zM298 768q34 0 60 26t26 60-26 59-60 25-59-25-25-59 25-60 59-26zM470 384v-128h-128v-86h128v-128h84v128h128v86h-128v128h-84z"],"attrs":[],"isMulticolor":false,"isMulticolor2":false,"tags":["add_shopping_cart"],"grid":24},"attrs":[],"properties":{"order":7,"ligatures":"add_shopping_cart","id":712,"prevSize":24,"code":59653,"name":"add_shopping_cart"},"setIdx":1,"setId":2,"iconIdx":708},{"icon":{"paths":["M298 810v-84h428v84h-86q-34 0-60 26t-26 60v42h-84v-42q0-34-26-60t-60-26h-86zM470 256q0-18 12-30t30-12 30 12 12 30-12 30-30 12-30-12-12-30zM554 342q0-18 13-31t31-13 30 13 12 31-12 30-30 12-31-12-13-30zM384 342q0-18 12-31t30-13 31 13 13 31-13 30-31 12-30-12-12-30zM512 170q-88 0-151 63t-63 151 63 151 151 63 151-63 63-151-63-151-151-63zM512 682q-124 0-211-87t-87-211 87-211 211-87 211 87 87 211-87 211-211 87z"],"attrs":[],"isMulticolor":false,"isMulticolor2":false,"tags":["sports_golf"],"grid":24},"attrs":[],"properties":{"order":5,"ligatures":"sports_golf","id":1073,"prevSize":24,"code":59654,"name":"sports_golf"},"setIdx":1,"setId":2,"iconIdx":1069}],"height":1024,"metadata":{"name":"icomoon"},"preferences":{"showGlyphs":true,"showQuickUse":true,"showQuickUse2":true,"showSVGs":true,"fontPref":{"prefix":"icon-","metadata":{"fontFamily":"icomoon"},"metrics":{"emSize":1024,"baseline":6.25,"whitespace":50},"embed":false},"imagePref":{"prefix":"icon-","png":true,"useClassSelector":true,"color":0,"bgColor":16777215,"classSelector":".icon","name":"icomoon"},"historySize":50,"showCodes":true,"gridSize":16}}